Tanque,RMSE,VAF
h3,0.08353838556777539,99.56455265628071
h4,0.08399393148404297,99.45639700052578
