Tanque,RMSE,VAF
h1,0.08509579608413026,99.9744774020453
h2,0.0845444703324396,99.96186346479121
